Name,City,State,Phone
d,i,m,a,@,o,l,e,r,o,n,.,r,u
k,a,r,e,n,-,0,0,0,@,m,t,u,-,n,e,t,.,r,u
A,y,s,i,n,S,E,@,m,a,i,l,.,r,u
h,o,l,l,@,s,o,c,h,i,.,r,u
j,u,r,i,@,k,r,m,.,d,o,n,e,t,s,k,.,u,a
a,k,s,e,l,r,o,d,@,l,n,p,i,.,s,p,b,.,s,u
d,i,m,a,@,c,p,u,v,1,.,n,e,t,.,k,i,a,e,.,s,u
D,L,A,n,i,k,i,n,@,m,a,i,l,.,r,u
m,i,m,i,2,@,c,h,a,t,.,r,u
e,u,g,e,n,e,1,9,7,0,@,h,o,t,m,a,i,l,.,c,o,m
a,r,b,a,@,m,a,i,l,.,r,u
a,r,k,h,i,p,o,v,@,y,t,s,.,y,a,r,t,e,l,e,c,o,m,.,r,u
t,r,a,v,e,l,l,e,r,@,g,l,a,s,.,a,p,c,.,o,r,g
m,i,k,e,@,a,f,a,n,a,s,.,r,u
s,v,s,4,4,@,u,s,a,.,n,e,t
A,l,e,x,_,h,u,n,t,e,r,@,m,a,i,l,.,r,u
g,i,b,@,d,p,i,c,c,i,.,k,i,e,v,.,u,a
w,o,w,a,@,a,s,h,t,e,c,h,.,m,s,k,.,r,u
w,o,w,a,@,a,s,h,t,e,c,h,.,m,s,k,.,r,u
m,t,m,@,e,l,n,e,t,.,m,s,k,.,r,u
a,l,k,o,r,@,o,n,l,i,n,e,.,r,u
a,r,t,e,m,@,o,s,c,b,.,p,h,y,s,.,m,s,u,.,s,u
t,r,i,z,@,k,n,a,p,i,.,k,h,a,b,a,r,o,v,s,k,.,s,u
a,n,d,r,e,y,b,@,c,c,o,.,c,a,l,t,e,c,h,.,e,d,u
w,w,b,@,p,e,r,m,.,r,a,i,d,.,r,u
a,b,s,@,g,a,l,a,x,y,.,i,p,m,c,e,.,s,u
d,e,p,e,n,e,r,g,@,a,d,m,.,k,a,l,u,g,a,.,r,u
y,u,r,c,i,n,o,@,a,h,a,.,r,u
a,b,@,r,e,f,.,s,t,i,n,o,l,.,l,i,p,e,t,s,k,.,s,u
b,o,n,d,@,i,s,d,.,a,n,e,t,.,d,o,n,e,t,s,k,.,u,a
t,a,n,g,r,a,m,@,m,e,d,i,a,o,n,e,.,n,e,t
B,r,a,j,n,i,k,o,v,.,j,u,n,i,o,r,@,r,o,t,e,k,.,r,u
s,a,l,i,e,r,i,@,i,n,f,o,.,s,g,u,.,r,u
p,e,t,r,o,v,c,h,@,b,i,t,e,x,.,r,u
d,a,n,i,l,@,a,s,t,r,a,n,e,t,.,r,u
v,a,g,a,n,o,v,a,@,c,c,a,.,k,i,e,v,.,u,a
I,v,a,n,@,m,a,i,l,.,d,m,a,.,b,e
v,e,r,h,o,t,u,r,@,v,m,k,.,u,g,a,t,u,.,a,c,.,r,u
v,i,l,i,n,s,k,i,y,@,u,s,a,.,n,e,t
a,l,e,x,@,c,o,m,p,u,l,i,n,k,.,r,u
k,o,s,t,i,k,v,@,m,a,i,l,.,r,u
v,s,v,@,p,h,r,e,a,k,.,d,e,m,o,s,.,s,u
m,g,v,@,x,t,e,c,h,.,r,u
v,o,l,k,o,v,@,s,t,u,d,e,n,t,s,.,s,o,r,o,s,.,k,a,r,e,l,i,a,.,r,u
l,o,n,g,e,a,r,@,b,i,g,f,o,o,t,.,c,o,m
a,n,t,v,a,l,8,8,@,m,a,i,l,.,r,u
l,i,n,d,a,@,s,c,i,.,s,m,o,l,e,n,s,k,.,r,u
y,u,r,y,@,s,e,r,v,e,r,.,m,s,k,.,s,u
s,t,a,s,v,@,a,h,a,.,r,u
n,i,m,i,g,a,v,@,h,o,t,m,a,i,l,.,c,o,m
a,s,y,a,@,m,i,a,n,.,r,u
c,h,a,r,i,s,h,@,c,h,a,t,.,r,u
g,a,r,n,o,v,@,t,u,r,i,s,t,.,e,d,u,.,y,a,r,.,r,u
g,a,r,n,o,v,@,t,u,r,i,s,t,.,e,d,u,.,y,a,r,.,r,u
g,a,v,@,m,a,i,l,.,g,i,r,m,e,t,.,r,u
a,l,e,x,@,p,o,l,e,.,k,o,k,s,a,.,a,l,t,a,i,.,s,u
g,e,r,a,s,i,m,o,v,@,s,v,b,.,k,i,r,o,v,.,r,u
g,r,g,@,t,e,.,n,e,t,.,u,a
n,a,s,t,i,a,@,m,a,r,k,e,t,.,e,w,n,.,k,r,a,s,n,o,y,a,r,s,k,.,s,u
g,l,y,a,v,i,n,@,a,p,p,l,.,s,c,i,-,n,n,o,v,.,r,u
g,o,v,o,r,k,o,@,s,o,f,t,l,a,b,.,r,u
s,g,c,d,u,t,@,m,a,i,l,.,s,o,c,h,i,.,r,u
s,g,c,d,u,t,@,m,a,i,l,.,s,o,c,h,i,.,r,u
A,l,e,c,_,G,o,l,i,b,r,o,d,a,@,0,0,7,.,p,o,s,t,b,o,x,.,c,r,i,m,e,a,.,u,a
o,l,i,m,p,@,m,a,i,l,.,p,e,r,m,.,r,u
g,o,t,o,v,t,s,e,v,@,m,a,i,l,.,r,u
g,r,a,f,@,e,s,t,a,t,e,.,s,c,i,-,n,n,o,v,.,r,u
a,n,a,l,i,t,i,c,@,e,m,b,r,o,l,.,d,o,n,e,t,s,k,.,u,a
o,g,r,e,k,o,v,@,g,l,a,s,.,a,p,c,.,o,r,g
g,r,e,t,z,o,v,@,m,a,i,l,.,r,u
d,m,i,t,r,y,@,t,e,b,o,d,i,n,.,s,p,b,.,r,u
v,g,r,i,s,h,k,i,n,@,v,i,t,e,p,5,.,i,t,e,p,.,r,u
t,i,m,u,r,@,i,u,m,.,i,p,s,.,r,a,s,.,r,u
g,r,o,h,@,g,e,n,o,m,e,.,e,i,m,b,.,r,s,s,i,.,r,u
s,v,g,1,@,a,l,t,a,y,.,e,l,e,k,t,r,a,.,k,z
d,e,a,@,s,e,r,v,i,c,e,.,n,e,v,a,l,i,n,k,.,r,u
d,e,a,@,m,o,n,t,a,r,o,.,s,p,b,.,r,u
d,a,v,y,d,o,v,@,g,a,l,l,u,p,.,s,p,b,.,s,u
a,n,t,i,m,o,n,o,@,a,n,t,i,m,.,s,a,r,a,t,o,v,.,s,u
v,_,d,@,a,s,t,a,n,a,.,k,z
d,d,i,@,a,u,.,r,u
a,l,e,x,d,e,m,@,c,h,a,t,.,r,u
h,i,b,e,r,@,g,l,a,s,n,e,t,.,r,u
a,d,m,@,p,r,i,.,b,e,l,p,a,k,.,v,i,t,e,b,s,k,.,b,y
m,k,k,@,m,o,u,n,t,a,i,n,.,r,u
D,i,m,y,i,c,h,@,c,h,a,t,.,r,u
D,k,o,n,@,m,a,i,l,.,r,u
l,e,x,a,@,a,s,h,t,e,c,h,.,m,s,k,.,r,u
d,r,a,b,e,k,@,s,a,o,.,r,u
a,d,a,@,i,b,i,s,.,p,p,t,u,s,.,r,u
n,o,r,t,o,n,@,k,a,i,.,k,s,u,.,r,a,s,.,r,u
r,a,f,t,@,e,x,t,r,a,n,e,t,.,r,u
i,l,y,a,@,m,a,i,l,-,m,e,.,c,o,m
d,m,i,t,r,y,@,d,i,o,n,i,s,.,k,f,t,i,.,k,c,n,.,r,u
d,u,n,a,i,c,h,@,u,s,a,.,n,e,t
v,l,a,d,_,e,@,m,a,i,l,.,r,u
l,e,m,@,g,e,n,i,n,f,o,.,m,s,k,.,s,u
e,a,@,i,n,m,.,r,a,s,.,r,u
e,g,o,s,h,i,n,@,i,h,e,p,.,s,u
b,o,d,r,o,v,@,t,r,i,t,e,c,.,s,a,r,a,t,o,v,.,s,u
u,r,i,c,k,@,c,o,m,2,c,o,m,.,r,u
g,i,g,a,r,e,v,@,m,a,i,l,.,r,u
z,h,u,r,i,h,i,n,@,m,a,i,l,.,r,u
s,t,z,m,a,@,i,n,s,e,.,k,i,a,e,.,r,u
z,a,m,@,c,i,n,v,e,s,t,.,c,h,e,l,.,s,u
3,.,8,0,@,f,i,d,o,n,e,t,.,o,r,g
i,g,o,r,@,d,a,t,a,c,.,m,p,l,i,k,.,r,u
v,a,s,i,l,y,@,g,l,a,s,.,a,p,c,.,o,r,g
l,e,t,t,e,r,s,@,a,n,t,o,n,.,n,o,m,a,k,.,u,d,m,u,r,t,i,a,.,s,u
I,m,m,u,n,o,@,m,a,i,l,.,c,n,t,.,r,u
a,z,@,r,e,s,t,.,r,u
r,o,o,t,@,a,z,.,r,e,s,t,.,r,u
z,o,u,b,a,r,e,v,@,g,l,a,s,.,a,p,c,.,o,r,g
c,a,i,n,e,@,i,b,s,.,m,s,k,.,s,u
a,l,e,x,@,o,l,e,g,o,.,m,s,k,.,s,u
I,.,Z,i,r,y,a,n,o,v,@,i,i,s,.,n,s,k,.,s,u
e,r,i,k,a,@,s,h,e,l,k,o,v,o,.,c,o,m,c,o,r,.,r,u
d,m,i,t,r,y,_,i,v,a,s,h,k,e,v,i,t,c,h,@,u,s,a,.,n,e,t
v,i,t,@,s,y,n,v,i,t,.,m,s,k,.,r,u
i,i,s,a,e,v,@,e,m,f,.,u,i,g,g,m,.,n,s,c,.,r,u
s,t,a,s,i,k,@,p,o,s,t,m,a,n,.,r,u
k,v,i,@,i,n,c,a,r,t,.,s,p,b,.,r,u
k,a,z,a,k,@,d,u,x,.,r,u
k,a,z,a,t,s,k,i,@,k,a,r,t,a,l,y,.,c,h,e,l,.,s,u
s,t,a,g,e,r,@,l,i,b,.,m,s,u,.,s,u
k,a,m,@,d,o,p,3,.,k,r,e,m,l,.,n,n,o,v,.,r,u
k,a,r,c,h,@,w,i,n,d,o,m,s,.,s,i,t,e,k,.,n,e,t
k,a,s,@,i,p,m,c,e,.,s,u
k,a,s,t,o,s,o,v,@,u,n,n,.,a,c,.,r,u
v,a,s,i,l,i,c,h,@,c,h,a,t,.,r,u
a,n,d,r,e,j,@,a,i,f,.,k,i,e,v,.,u,a
k,s,u,@,u,n,i,i,n,c,.,m,s,k,.,r,u
d,i,k,@,a,s,h,t,e,c,h,.,m,s,k,.,r,u
e,3,2,0,1,@,u,m,p,o,.,b,a,s,h,k,i,r,i,a,.,s,u
P,a,s,h,a,2,3,@,h,o,t,m,a,i,l,.,c,o,m
a,v,k,@,c,h,a,o,s,.,s,s,u,.,r,u,n,n,e,t,.,r,u
s,n,k,@,y,a,r,o,s,l,a,v,l,.,r,u
v,a,s,s,@,g,a,l,a,k,t,i,k,a,.,r,u
u,n,c,l,e,_,b,o,b,b,b,@,m,a,i,l,.,r,u
t,i,m,@,i,p,m,c,e,.,r,u
d,e,l,t,a,@,p,e,r,m,o,n,l,i,n,e,.,r,u
k,o,r,o,c,h,a,@,n,i,p,.,m,s,k,.,r,u
k,o,n,s,t,a,n,t,@,k,a,p,s,c,h,.,n,e,t
c,r,a,z,y,f,o,x,@,m,a,i,l,.,r,u
k,o,r,i,n,s,k,y,@,s,r,d,.,m,t,u,c,i,.,r,u
k,o,r,i,n,s,k,y,@,c,i,t,y,l,i,n,e,.,r,u
n,i,l,_,m,u,@,b,r,s,t,u,.,r,u
k,m,a,@,l,a,v,1,.,n,p,i,.,m,s,u,.,s,u
k,m,a,@,l,o,k,i,.,p,h,y,.,b,n,l,.,g,o,v
s,e,r,v,@,v,t,z,.,v,l,a,d,i,m,i,r,.,s,u
s,a,u,r,@,s,a,u,r,.,m,s,k,.,r,u
J,h,o,n,n,y,_,f,o,x,@,m,a,i,l,.,r,u
s,h,u,r,t,o,n,@,g,l,a,s,n,e,t,.,r,u
v,a,d,i,m,@,e,c,o,n,.,c,s,u,.,a,c,.,r,u
s,p,a,r,t,a,k,@,s,t,.,s,i,b,e,r,i,a,.,n,e,t
a,l,e,x,e,y,@,n,u,.,j,i,n,r,.,d,u,b,n,a,.,s,u
k,i,r,i,l,l,i,q,@,e,u,r,o,h,i,m,.,r,u
k,o,s,t,@,s,v,z,s,e,r,v,.,k,e,m,e,r,o,v,o,.,s,u
r,o,o,t,@,k,k,.,k,e,m,e,r,o,v,o,.,s,u
y,o,k,o,@,s,l,.,i,a,e,.,n,s,k,.,s,u
w,a,n,d,e,r,e,r,@,e,r,l,.,e,-,b,u,r,g,.,s,u
i,v,a,n,@,k,i,a,.,u,s,r,.,e,t,u,.,s,p,b,.,r,u
k,i,g,g,y,@,a,l,e,x,.,s,e,b,a,s,t,o,p,o,l,.,u,a
s,e,r,g,e,y,u,h,t,a,@,s,e,v,e,r,.,r,u
a,l,e,x,@,i,c,-,c,h,e,r,n,o,b,y,l,.,k,i,e,v,.,u,a
t,a,n,n,e,r,@,t,e,l,e,c,o,m,.,n,o,v,.,r,u
l,a,k,t,a,r,@,t,l,t,.,r,u
i,l,e,b,e,d,e,v,@,c,i,t,y,l,i,n,e,.,r,u
O,l,e,g,_,L,e,b,e,d,e,v,@,p,5,.,f,3,1,2,.,n,5,0,.,z,2,.,g,a,t,e,.,p,h,a,n,t,o,m,.,m,s,k,.,s,u
s,a,s,h,a,@,n,n,.,e,n,n,e,t,.,k,r,a,s,n,o,y,a,r,s,k,.,s,u
p,p,m,y,k,e,l,@,n,s,.,l,a,n,c,k,.,r,u
f,i,l,@,t,r,a,v,e,l,.,r,u
s,e,r,g,@,r,o,c,k,n,e,t,.,m,u,r,m,a,n,s,k,.,s,u
a,l,k,o,r,@,o,n,l,i,n,e,.,r,u
l,u,k,i,c,h,@,e,x,t,r,a,n,e,t,.,r,u
u,s,k,@,d,i,a,s,p,r,o,.,c,o,m
l,u,l,i,n,@,g,a,r,a,n,t,.,r,u
b,r,o,d,y,@,m,a,i,l,.,r,u
c,a,t,@,b,i,t,.,t,e,r,n,o,p,i,l,.,u,a
l,e,n,a,@,m,a,l,y,k,.,h,o,m,e,.,t,e,r,n,o,p,i,l,.,u,a
h,o,h,a,@,m,a,i,l,.,c,o,m
m,a,p,u,t,u,@,m,a,i,l,.,r,u
m,a,m,u,t,k,i,n,@,i,n,p,.,n,s,k,.,s,u
s,p,a,s,s,b,@,r,i,n,f,.,r,y,a,z,a,n,.,r,u
k,a,s,t,o,s,o,v,@,u,n,n,.,a,c,.,r,u
v,m,@,d,m,n,g,.,s,a,k,h,a,l,i,n,.,s,u
v,m,@,d,m,n,g,.,s,a,k,h,a,l,i,n,.,s,u
t,a,n,@,t,e,p,k,o,m,.,r,u
m,f,0,1,0,1,7,5,@,k,l,a,x,.,t,u,l,a,.,r,u
m,o,t,u,s,@,u,n,i,t,y,-,b,a,r,s,.,c,a,r,r,i,e,r,.,k,i,e,v,.,u,a
g,r,i,g,s,o,n,@,r,i,n,e,t,.,r,u
l,i,o,n,@,w,t,g,r,e,s,.,p,s,s,r,.,e,-,b,u,r,g,.,s,u
v,l,a,d,@,p,o,l,i,c,.,c,r,i,m,e,a,.,c,o,m
m,e,t,z,i,k,@,m,a,i,l,.,r,u
m,a,r,i,a,@,s,p,o,r,t,.,s,p,b,.,r,u
m,a,r,i,a,@,l,a,v,e,r,n,a,.,r,u
m,i,k,h,i,n,@,m,a,i,l,.,r,u
m,o,g,@,v,s,p,u,.,a,c,.,r,u
b,f,m,b,@,b,i,y,s,k,.,r,o,s,p,a,c,.,r,u
m,o,@,i,n,t,e,r,n,e,t,m,e,d,i,a,.,r,u
b,o,r,i,s,@,m,o,r,p,o,l,.,m,s,k,.,r,u
f,i,l,i,p,p,@,m,o,r,p,o,l,.,m,s,k,.,r,u
m,o,s,h,k,o,w,@,i,p,s,u,n,.,r,a,s,.,r,u
v,o,v,a,@,s,p,h,i,n,x,a,.,i,h,e,p,.,s,u
n,a,g,o,r,9,9,@,m,a,i,l,.,r,u
a,n,d,r,e,y,@,n,e,s,.,t,e,.,r,u
s,e,r,g,e,@,e,n,v,y,.,a,s,t,r,o,.,u,n,c,.,e,d,u
n,a,m,@,s,a,t,s,u,n,.,s,c,i,.,k,z
s,n,i,k,i,t,i,n,@,e,n,g,.,u,m,d,.,e,d,u
o,l,e,g,@,r,a,i,l,w,a,y,.,u,f,a,n,e,t,.,r,u
n,o,v,i,k,o,v,@,t,r,1,1,.,k,i,e,v,.,u,a
g,l,e,n,@,l,i,p,e,t,s,k,.,s,u
2,1,8,6,4,1,4,0,@,m,a,i,l,.,r,u
r,o,z,@,r,o,m,a,.,m,a,r,k,a,.,n,e,t,.,u,a
o,l,o,h,t,@,g,l,a,s,.,a,p,c,.,o,r,g
m,i,k,e,o,m,@,t,r,e,c,o,m,.,t,o,m,s,k,.,s,u
v,o,y,a,g,e,r,_,m,c,@,y,a,h,o,o,.,c,o,m
w,e,s,t,2,7,1,@,c,o,m,2,c,o,m,.,r,u
e,a,g,l,e,@,s,a,t,e,l,.,r,u
e,q,u,i,c,o,l,@,u,k,r,p,a,c,k,.,n,e,t
a,n,n,a,@,r,o,m,s,a,t,.,k,i,e,v,.,u,a
p,e,n,a,t,e,s,@,g,l,a,s,.,a,p,c,.,o,r,g
p,a,r,s,h,i,n,@,s,p,l,a,v,.,r,u
p,a,s,y,n,k,o,v,@,s,t,o,i,c,.,s,p,b,.,s,u
a,p,a,t,l,@,v,a,i,l,.,r,u
t,o,u,r,@,v,s,p,u,.,a,c,.,r,u
b,o,d,y,@,k,r,a,s,u,.,r,u
p,o,s,t,m,a,s,t,e,r,@,c,s,t,r,a,n,.,s,a,n,i,-,c,.,v,r,n,.,r,u
a,l,k,o,r,@,o,n,l,i,n,e,.,r,u
m,d,_,i,s,u,@,m,a,i,l,.,r,u
j,u,l,e,n,k,a,@,y,a,h,o,o,.,c,o,m
p,a,n,o,v,a,@,o,r,c,.,r,u
p,o,l,o,t,a,y,@,m,a,t,e,r,i,a,l,s,.,k,i,e,v,.,u,a
p,o,l,k,@,n,i,s,.,n,n,o,v,.,s,u
e,p,o,l,i,z,@,m,a,i,l,.,r,u
j,u,l,i,a,@,m,o,r,p,o,l,.,m,s,k,.,r,u
f,i,l,i,p,p,@,m,o,r,p,o,l,.,m,s,k,.,r,u
v,a,s,i,a,@,v,p,o,n,o,m,.,m,s,k,.,r,u
a,l,y,a,@,a,c,t,i,v,.,r,u
s,e,r,g,.,p,o,r,f,i,r,e,v,@,m,t,u,-,n,e,t,.,r,u
d,i,m,a,@,c,h,a,o,s,.,s,s,u,.,r,u,n,n,e,t,.,r,u
a,d,m,i,n,@,i,r,e,2,7,8,.,d,a,.,r,u
r,i,s,k,@,t,o,m,c,a,t,.,r,u
d,m,i,t,r,y,@,c,r,p,.,p,s,c,.,r,u
d,p,o,t,e,b,n,i,a,@,h,o,t,m,a,i,l,.,c,o,m
p,o,i,s,k,@,m,a,r,i,u,p,o,l,.,n,e,t
v,i,t,e,k,1,7,5,@,y,a,h,o,o,.,c,o,m
e,x,t,r,a,p,y,r,@,a,r,s,t,e,l,.,r,u
e,g,o,1,@,a,u,s,t,e,.,e,l,n,e,t,.,l,t
o,p,u,s,t,@,s,p,b,.,r,u,n,n,e,t,.,r,u
r,i,g,h,t,m,a,n,@,m,a,i,l,.,r,u
r,o,m,a,n,o,v,@,s,s,m,g,l,.,g,p,i,.,m,s,k,.,s,u
r,o,m,a,n,t,i,k,@,i,c,.,o,s,p,u,.,o,d,e,s,s,a,.,u,a
u,r,i,@,g,-,v,e,s,t,.,t,s,a,r,i,t,s,y,n,.,s,u
i,v,a,n,@,k,r,e,o,l,.,v,l,a,d,i,m,i,r,.,s,u
S,o,l,o,@,n,a,r,z,a,n,.,r,u
m,e,m,i,n,f,@,g,l,a,s,n,e,t,.,r,u
a,l,r,u,b,@,g,e,o,c,i,t,i,e,s,.,c,o,m
a,l,e,x,@,n,e,w,c,o,m,.,k,i,a,e,.,s,u
a,m,s,t,@,m,a,i,l,.,r,u
a,n,d,r,e,w,@,s,k,e,t,.,m,s,k,.,r,u
a,n,a,r,i,n,@,m,a,i,l,.,r,u
i,t,l,8,0,5,@,o,n,l,i,n,e,.,k,h,a,r,k,o,v,.,u,a
s,a,f,r,o,n,o,v,@,u,n,n,.,a,c,.,r,u
m,s,w,e,s,h,n,i,k,o,v,@,h,o,t,m,a,i,l,.,c,o,m
v,_,s,v,i,n,t,i,t,s,k,y,@,c,h,a,t,.,r,u
s,e,v,e,r,i,n,@,r,a,d,i,o,.,c,h,e,m,.,m,s,u,.,r,u
s,e,v,e,r,i,n,@,r,a,d,i,o,.,c,h,e,m,.,m,s,u,.,r,u
F,e,d,e,r,a,l,@,o,r,c,.,r,u
k,l,o,p,@,s,d,b,.,i,r,e,.,r,s,s,i,.,r,u
s,d,@,i,s,t,u,.,i,r,k,.,r,u
a,l,k,o,r,@,o,n,l,i,n,e,.,r,u
s,e,r,g,i,n,_,k,@,y,a,h,o,o,.,c,o,m
n,i,k,@,c,c,t,e,l,c,o,m,.,n,s,u,.,r,u
s,i,l,a,x,@,r,s,u,h,.,r,u
v,l,d,@,f,i,r,m,4,3,2,.,m,s,k,.,s,u
a,s,k,a,z,i,k,@,h,o,m,e,r,.,u,i,c,.,r,n,d,.,r,u,n,n,e,t,.,r,u
A,S,l,a,b,@,j,u,f,f,i,n,.,m,p,e,i,.,a,c,.,r,u
a,l,e,x,@,a,s,i,.,r,u
s,o,r,o,k,i,n,@,b,e,a,m,.,i,o,f,f,e,.,r,s,s,i,.,r,u
m,c,@,r,w,i,c,c,.,k,r,a,s,n,o,y,a,r,s,k,.,s,u
s,p,i,c,h,a,k,@,a,p,m,a,t,.,f,r,e,e,n,e,t,.,k,i,e,v,.,u,a
s,y,v,@,c,h,e,s,c,e,n,.,k,i,e,v,.,u,a
s,p,r,i,n,g,i,s,_,n,e,@,m,a,i,l,.,r,u
a,b,c,@,t,a,t,p,e,o,.,e,l,e,k,t,r,a,.,r,u
s,e,n,@,s,k,i,f,.,n,e,t
s,t,r,o,g,a,n,o,v,@,h,p,s,.,m,p,e,i,.,a,c,.,r,u
s,s,u,h,@,s,a,o,.,r,u
w,e,b,m,a,s,t,e,r,@,c,y,b,e,r,.,m,e,p,h,i,.,r,u
t,i,m,@,i,c,.,t,s,u,.,r,u
i,v,a,n,t,e,m,@,m,a,i,l,.,r,u
v,i,t,a,l,@,t,i,h,t,r,a,n,s,.,m,s,k,.,r,u
s,t,s,@,c,a,r,d,.,r,u
i,v,t,@,m,s,u,.,s,u
s,e,r,g,o,@,a,n,i,x,.,b,i,y,s,k,.,r,u
c,n,t,1,5,@,h,o,t,m,a,i,l,.,c,o,m
a,l,e,x,@,s,o,n,i,i,r,.,s,a,m,a,r,a,.,r,u
m,a,n,e,k,e,n,@,c,h,e,l,.,s,u,r,n,e,t,.,r,u
A,c,_,p,o,l,l,y,@,d,i,g,d,e,s,.,c,o,m
d,v,@,o,p,t,i,m,a,.,d,o,n,e,t,s,k,.,u,a
t,s,v,@,g,e,m,i,n,i,.,r,e,l,c,o,m,.,e,u,.,n,e,t
u,n,i,v,e,r,s,@,p,e,r,m,.,r,a,i,d,.,r,u
s,p,e,l,e,o,_,g,r,o,t,@,m,t,u,-,n,e,t,.,r,u
l,a,t,i,n,a,@,r,a,i,l,.,k,h,a,r,k,o,v,.,c,o,m
c,r,a,z,y,f,o,x,@,m,a,i,l,.,r,u
n,t,c,g,f,i,z,@,s,i,b,t,e,l,.,r,u
M,i,c,U,s,h,@,r,a,i,l,.,k,h,a,r,k,o,v,.,u,a
a,n,d,y,@,o,x,y,l,i,p,i,n,.,s,i,o,b,c,.,r,a,s,.,r,u
b,o,t,s,2,0,0,0,@,m,a,i,l,.,r,u
g,f,e,d,i,n,@,g,l,a,s,n,e,t,.,r,u
k,f,@,i,f,m,o,.,r,u
f,e,d,o,r,o,v,@,m,c,c,m,e,.,r,u
f,s,a,@,i,i,s,.,n,s,k,.,s,u
f,s,i,@,m,a,c,o,m,n,e,t,.,r,u
w,i,l,l,y,@,c,s,u,.,a,c,.,r,u
f,k,n,@,b,i,o,g,e,o,.,d,c,n,-,a,s,u,.,r,u
g,l,e,b,@,i,g,g,.,c,o,m,c,e,n,-,1,.,n,s,k,.,s,u
a,l,e,x,f,i,l,l,@,c,s,s,-,m,p,s,.,r,u
r,a,r,e,m,a,p,@,e,u,r,o,.,r,u
x,a,l,x,@,k,l,n,e,.,k,o,e,n,i,g,.,s,u
j,e,k,a,@,v,o,l,g,a,g,e,o,.,n,n,o,v,.,r,u
s,a,n,d,y,s,@,c,h,a,t,.,r,u
l,o,n,g,a,r,m,@,b,i,g,f,o,o,t,.,c,o,m
a,n,d,r,e,y,@,y,o,r,p,.,y,a,r,o,s,l,a,v,l,.,s,u
p,a,u,l,r,h,@,I,C,L,.,k,a,z,a,n,.,R,U
H,l,o,p,o,v,-,O,l,e,g,@,m,t,u,-,n,e,t,.,r,u
y,u,r,a,@,s,p,i,r,t,.,k,i,e,v,.,u,a
a,r,t,@,t,r,e,c,o,m,.,t,o,m,s,k,.,s,u
s,c,h,a,i,k,i,n,@,m,a,i,l,.,r,u
s,c,h,a,i,k,i,n,@,h,o,t,m,a,i,l,.,c,o,m
c,h,i,v,i,l,i,h,@,s,p,b,.,r,u,n,n,e,t,.,r,u
t,c,h,e,r,k,@,r,i,s,c,.,u,n,i,-,l,i,n,z,.,a,c,.,a,t
v,l,a,d,i,m,i,r,.,c,h,e,r,n,e,t,s,k,y,@,a,n,k,e,y,.,r,u
c,v,v,@,c,m,p,.,p,h,y,s,.,m,s,u,.,s,u
d,e,c,h,e,t,@,s,e,v,e,r,.,r,u
t,c,h,i,r,k,o,r,@,e,b,r,d,.,c,o,m
t,e,s,t,1,@,o,n,l,i,n,e,1,.,b,o,y,a,r,k,a,.,k,i,e,v,.,u,a
d,i,r,e,c,t,a,c,@,e,m,a,i,l,.,m,s,n,.,c,o,m
a,l,e,x,e,y,@,c,h,a,o,s,.,s,s,u,.,r,u,n,n,e,t,.,r,u
b,e,l,i,g,o,r,@,b,e,l,a,r,u,s,.,c,r,o,s,s,w,i,n,d,s,.,n,e,t
b,e,l,i,g,o,r,@,c,h,a,t,.,r,u
S,h,a,r,t,z,e,f,f,@,e,c,o,l,o,g,y,.,p,s,t,u,.,a,c,.,r,u
v,a,d,i,m,@,s,h,a,h,n,o,v,i,.,m,c,c,m,e,.,r,u
i,g,o,r,@,g,t,s,.,k,a,z,a,n,.,s,u
a,c,c,o,u,n,t,@,p,u,b,l,i,c,i,s,.,r,u
d,m,i,t,r,y,s,h,v,@,m,t,u,-,n,e,t,.,r,u
I,S,h,e,l,e,m,e,t,i,e,v,@,m,i,c,r,o,t,e,s,t,.,r,u
r,e,i,d,@,r,e,i,d,.,k,u,b,a,n,.,r,u
r,a,d,b,u,b,k,a,@,c,h,a,t,.,r,u
m,i,t,a,y,@,d,o,n,i,n,v,.,r,n,d,.,s,u
p,e,t,e,r,@,i,n,d,y,.,g,c,t,c,.,r,s,s,i,.,r,u
p,e,t,e,r,@,s,h,l,y,a,e,v,.,m,s,k,.,r,u
s,i,n,g,l,@,g,l,a,s,n,e,t,.,r,u
m,a,x,i,m,@,b,f,p,g,.,r,u
1,s,p,p,@,n,w,.,i,e,.,t,i,a,s,u,r,.,t,o,m,s,k,.,s,u
s,h,u,r,a,@,u,i,c,.,n,n,o,v,.,r,u
a,n,d,r,@,s,h,u,m,.,k,i,e,v,.,u,a
A,l,e,x,a,n,d,e,r,@,t,s,.,v,d,o,n,s,k,.,r,u
e,d,e,l,v,e,i,s,@,a,d,m,.,c,h,m,.,g,o,r,n,y,.,r,u
e,l,b,r,u,s,@,k,b,s,u,.,r,u
i,o,u,r,i,n,e,@,i,o,u,r,i,n,e,.,m,s,k,.,s,u
r,e,l,i,a,b,l,e,@,s,a,r,n,e,t,.,r,u
y,a,r,o,s,h,@,a,u,.,r,u
r,o,d,o,n,i,t,@,c,h,e,l,.,s,u,r,n,e,t,.,r,u
